<?xml version="1.0" encoding="UTF-8"?>
<project-private xmlns="http://www.netbeans.org/ns/project-private/1">
    <editor-bookmarks xmlns="http://www.netbeans.org/ns/editor-bookmarks/2" lastBookmarkId="0"/>
    <open-files xmlns="http://www.netbeans.org/ns/projectui-open-files/2">
        <group>
            <file>file:/E:/Swing/cpc-app-project/src/CPC_App/TakeOffToken.java</file>
            <file>file:/E:/Swing/cpc-app-project/src/CPC_App/CPC_App.java</file>
            <file>file:/E:/Swing/cpc-app-project/src/CPC_App/Token_StudentCopy.java</file>
            <file>file:/E:/Swing/cpc-app-project/src/CPC_App/OrganaizerPanel.java</file>
            <file>file:/E:/Swing/cpc-app-project/src/CPC_App/CPC_HOME.java</file>
            <file>file:/E:/Swing/cpc-app-project/src/CPC_App/SignUp.java</file>
        </group>
    </open-files>
</project-private>
